{
  "project_info": {
    "project_number": "16516207059",
    "firebase_url": "https://minorproject-83178.firebaseio.com",
    "project_id": "minorproject-83178",
    "storage_bucket": "minorproject-83178.appspot.com"
  },
  "client": [
    {
      "client_info": {
        "mobilesdk_app_id": "1:16516207059:android:1c54b0e680008352",
        "android_client_info": {
          "package_name": "com.example.prateek.testmp"
        }
      },
      "oauth_client": [
        {
          "client_id": "16516207059-q3v5gs82m4033nlm4pn5qof745h9ju0m.apps.googleusercontent.com",
          "client_type": 3
        }
      ],
      "api_key": [
        {
          "current_key": "AIzaSyAdoE5ZddROyRrlKqDJzF3ZiB7HahgIsoc"
        }
      ],
      "services": {
        "analytics_service": {
          "status": 1
        },
        "appinvite_service": {
          "status": 1,
          "other_platform_oauth_client": []
        },
        "ads_service": {
          "status": 2
        }
      }
    }
  ],
  "configuration_version": "1"
}